subject_id,MFD_true,MFD_SD_true,MFD_false,MFD_SD_false,MSA_true,MSA_SD_true,MSA_false,MSA_SD_false,MFD_overall,MFD_overall_SD,MSA_overall,MSA_overall_SD
s8,157.23287671232876,95.85355847617991,134.84313725490196,60.76743598698354,424.9242548369953,404.0702117422357,519.0838781061947,422.48337532449494,148.0241935483871,83.95923201458353,463.78378190047437,414.37027068951267
s18,126.98148148148148,40.77012828981748,139.5,70.51791007273003,709.8816815986297,643.6558025486548,589.2474041078307,719.0089486294864,136.28095238095239,64.43152229894648,620.3612222841906,702.3359858685153
s28,141.74324324324326,46.16013865113691,164.92094861660078,122.40076110894387,341.44165052300525,696.7076076688805,292.4786335744868,366.7630383445616,159.67584097859327,110.30768254834167,303.6199188681617,463.4424616320416
s4,152.5597014925373,62.19918788091386,156.08303249097472,73.40499127848605,425.16811633873107,366.90106258890086,395.7220316201212,332.02540472147814,154.93430656934308,69.9685230980271,405.27785238217007,344.00764859346316
s14,146.26,59.63952045414182,169.5873015873016,91.57668915985374,271.1015184397254,291.6014191913194,267.08986515744175,294.6736752531866,164.7071129707113,86.40588509294,267.9460106750023,294.0252995083823
s24,229.66666666666666,119.10792758124211,215.86458333333334,133.56619923840407,258.6933238117659,265.75065589260976,256.5376510316482,262.80524404873825,218.34188034188034,131.19556501736253,256.91806387519836,263.3286988843212
