subject_id,MFD_true,MFD_SD_true,MFD_false,MFD_SD_false,MSA_true,MSA_SD_true,MSA_false,MSA_SD_false,MFD_overall,MFD_overall_SD,MSA_overall,MSA_overall_SD
s8,159.72602739726028,93.43611989298778,133.30188679245282,67.26814405041351,429.1968954813243,393.3764560677208,506.4410596779216,422.4585282183708,148.61111111111111,84.44862928227029,462.0408708090114,407.78868112018904
s18,117.59677419354838,35.417081571094016,128.90419161676647,64.64692068217815,644.9265838871547,636.2789500571979,569.4819586659781,704.557525057042,125.84279475982532,58.41734879489356,589.6847034950798,687.7512300375702
s28,142.56578947368422,53.58056784593199,163.74131274131275,107.65940265725094,336.27429974125016,662.4434913574025,289.05953684711795,367.473159976013,158.93731343283582,98.44288720137962,299.85939463521856,452.6803856395815
s4,137.62328767123287,52.81139099974743,142.47194719471946,58.3216729001475,420.0102675299902,446.6371579789106,371.97537634643214,338.6554074783965,140.89532293986636,56.63437378821682,387.4943411903509,377.6084457155511
s14,150.73529411764707,69.70975210570602,164.39512195121952,94.20646746795046,270.87998220411714,282.19358573140227,258.53499781221944,294.6074729807474,161.673828125,90.02600025149934,261.0510232025681,292.16253504952084
s24,206.41666666666666,101.38906773195794,188.45871559633028,96.44921010801696,228.06331872199783,258.0703507043203,229.08222448604394,258.28348776600075,191.69924812030075,97.60377049311298,228.90108568354685,258.2459034026368
