subject_id,MFD_true,MFD_SD_true,MFD_false,MFD_SD_false,MSA_true,MSA_SD_true,MSA_false,MSA_SD_false,MFD_overall,MFD_overall_SD,MSA_overall,MSA_overall_SD
s8,157.23287671232876,95.85355847617991,134.84313725490196,60.76743598698354,424.9242548369953,404.0702117422357,519.0838781061947,422.48337532449494,148.0241935483871,83.95923201458353,463.78378190047437,414.37027068951267
